{
  "name": "rogue_engineer",
  "version": "0.1.1",
  "title": "Rogue Engineer",
  "author": "asher_sky",
  "contact": "",
  "homepage": "",
  "description": "A roguelite scenario for Factorio.\n\nChoose a starting ability and enter the arena.\nDefeat enemies to unlock new abilities and upgrade your current ones.\nSurvive until the clock runs out.\nCompare scores and compete with friends in co-op multiplayer.",
  "factorio_version": "1.1",
  "dependencies": [
    "base >= 1.1.89",
    "status_bars",
    "slashgamble",
    "spill_inventory",
    "rusty-locale",
    "ArmouredBiters"
  ]
}
